DATE,DO,Aerated (1/0),Aerator_TLAG_15,Aerator_TLAG_30,Aerator_TLAG_60,Air temp C,Relative Humidity (%),Atmospheric Pressure (mb),hour,AT_TLAG_1hr,AT_TLAG_3hr,AT_TLAG_6hrs,DO_1h
2024-07-15 21:40:00,0.05,0.0,0.0,0.0,0.0,32.0,94.39,1007.5,21.0,29.0,29.0,25.0,0.11
2024-07-15 21:50:00,0.16,0.0,0.0,0.0,0.0,32.0,94.39,1006.7,21.0,29.0,29.0,27.0,0.06
2024-07-15 22:00:00,0.2,0.0,0.0,0.0,0.0,32.0,100.0,1006.7,22.0,29.0,29.0,27.0,0.02
2024-07-15 22:10:00,0.17,0.0,0.0,0.0,0.0,32.0,100.0,1006.7,22.0,29.0,29.0,27.0,0.04
2024-07-15 22:20:00,0.13,0.0,0.0,0.0,0.0,32.0,100.0,1006.7,22.0,32.0,29.0,27.0,0.02
2024-07-15 22:30:00,0.1,0.0,0.0,0.0,0.0,32.0,100.0,1006.7,22.0,32.0,29.0,27.0,0.03
2024-07-15 22:40:00,0.11,0.0,0.0,0.0,0.0,32.0,100.0,1006.7,22.0,32.0,29.0,27.0,0.03
2024-07-15 22:50:00,0.06,0.0,0.0,0.0,0.0,31.0,100.0,1005.1,22.0,32.0,29.0,27.0,0.03
2024-07-15 23:00:00,0.02,0.0,0.0,0.0,0.0,31.0,100.0,1005.1,23.0,32.0,29.0,29.0,0.03
2024-07-15 23:10:00,0.04,0.0,0.0,0.0,0.0,31.0,100.0,1005.1,23.0,32.0,29.0,29.0,0.03
2024-07-15 23:20:00,0.02,0.0,0.0,0.0,0.0,31.0,100.0,1005.1,23.0,32.0,29.0,29.0,0.03
2024-07-16 09:40:00,0.03,1.0,10.0,10.0,10.0,20.0,100.0,1007.0,9.0,31.0,31.0,31.0,0.84
2024-07-16 09:50:00,0.08,1.0,20.0,20.0,20.0,20.0,100.0,1007.3,9.0,31.0,31.0,31.0,1.31
2024-07-16 10:00:00,0.36,1.0,30.0,30.0,30.0,20.0,100.0,1007.3,10.0,31.0,31.0,31.0,1.46
2024-07-16 10:10:00,0.63,1.0,40.0,40.0,40.0,20.0,100.0,1007.3,10.0,31.0,31.0,31.0,1.33
2024-07-16 10:20:00,0.96,1.0,50.0,50.0,50.0,20.0,100.0,1007.3,10.0,31.0,31.0,31.0,1.39
2024-07-16 10:30:00,0.95,1.0,60.0,60.0,60.0,20.0,100.0,1007.3,10.0,31.0,31.0,31.0,0.92
2024-07-16 10:40:00,0.84,1.0,60.0,70.0,70.0,20.0,100.0,1007.3,10.0,20.0,31.0,31.0,1.59
2024-07-16 10:50:00,1.31,1.0,60.0,80.0,80.0,20.0,88.75,1007.2,10.0,20.0,31.0,31.0,1.74
2024-07-16 11:00:00,1.46,1.0,60.0,90.0,90.0,20.0,88.75,1007.2,11.0,20.0,31.0,31.0,1.47
2024-07-16 11:10:00,1.33,1.0,60.0,100.0,100.0,20.0,88.75,1007.2,11.0,20.0,31.0,31.0,1.54
2024-07-16 11:20:00,1.39,1.0,60.0,110.0,110.0,20.0,88.75,1007.2,11.0,20.0,31.0,31.0,1.63
2024-07-16 11:30:00,0.92,1.0,60.0,120.0,120.0,20.0,88.75,1007.2,11.0,20.0,31.0,31.0,1.69
2024-07-16 11:40:00,1.59,1.0,60.0,130.0,130.0,20.0,88.75,1007.2,11.0,20.0,31.0,31.0,1.85
2024-07-16 11:50:00,1.74,1.0,60.0,140.0,140.0,21.0,88.75,1007.7,11.0,20.0,31.0,31.0,1.95
2024-07-16 12:00:00,1.47,1.0,60.0,150.0,150.0,21.0,78.76,1007.7,12.0,20.0,31.0,31.0,1.85
2024-07-16 12:10:00,1.54,1.0,60.0,160.0,160.0,21.0,78.76,1007.7,12.0,20.0,31.0,31.0,1.91
2024-07-16 12:20:00,1.63,1.0,60.0,170.0,170.0,21.0,78.76,1007.7,12.0,20.0,31.0,31.0,1.9
2024-07-16 12:30:00,1.69,1.0,60.0,180.0,180.0,21.0,78.76,1007.7,12.0,20.0,31.0,31.0,1.87
2024-07-16 12:40:00,1.85,1.0,60.0,180.0,190.0,21.0,78.76,1007.7,12.0,20.0,20.0,31.0,1.68
2024-07-16 12:50:00,1.95,1.0,60.0,180.0,200.0,21.0,78.76,1008.1,12.0,21.0,20.0,31.0,1.6
2024-07-16 13:00:00,1.85,1.0,60.0,180.0,210.0,22.0,74.28,1008.1,13.0,21.0,20.0,31.0,1.42
2024-07-16 13:10:00,1.91,1.0,60.0,180.0,220.0,22.0,74.28,1008.1,13.0,21.0,20.0,31.0,1.29
2024-07-16 13:20:00,1.9,1.0,60.0,180.0,230.0,22.0,74.28,1008.1,13.0,21.0,20.0,31.0,1.17
2024-07-16 13:30:00,1.87,1.0,60.0,180.0,240.0,22.0,74.28,1008.1,13.0,21.0,20.0,31.0,1.35
2024-07-16 13:40:00,1.68,1.0,60.0,180.0,250.0,22.0,74.28,1008.1,13.0,21.0,20.0,31.0,1.36
2024-07-16 13:50:00,1.6,1.0,60.0,180.0,260.0,23.0,74.28,1008.4,13.0,21.0,20.0,31.0,1.5
2024-07-16 14:00:00,1.42,1.0,60.0,180.0,270.0,23.0,74.44,1008.4,14.0,22.0,20.0,31.0,1.31
2024-07-16 14:10:00,1.29,1.0,60.0,180.0,280.0,23.0,74.44,1008.4,14.0,22.0,20.0,31.0,1.26
2024-07-16 14:20:00,1.17,1.0,60.0,180.0,290.0,23.0,74.44,1008.4,14.0,22.0,20.0,31.0,1.34
2024-07-16 14:30:00,1.35,1.0,60.0,180.0,300.0,23.0,74.44,1008.4,14.0,22.0,20.0,31.0,0.58
2024-07-16 14:40:00,1.36,1.0,60.0,180.0,310.0,23.0,74.44,1008.4,14.0,22.0,20.0,31.0,0.42
2024-07-16 14:50:00,1.5,1.0,60.0,180.0,320.0,24.0,78.9,1008.4,14.0,23.0,21.0,31.0,0.39
2024-07-16 15:00:00,1.31,1.0,60.0,180.0,330.0,24.0,78.9,1008.4,15.0,23.0,21.0,31.0,0.46
2024-07-16 15:10:00,1.26,1.0,60.0,180.0,340.0,24.0,78.9,1008.4,15.0,23.0,21.0,31.0,0.67
2024-07-16 15:20:00,1.34,1.0,60.0,180.0,350.0,24.0,78.9,1008.4,15.0,23.0,21.0,31.0,1.39
2024-07-16 15:30:00,0.58,0.0,50.0,170.0,350.0,24.0,78.9,1008.4,15.0,23.0,21.0,31.0,0.46
2024-07-16 15:40:00,0.42,0.0,40.0,160.0,340.0,24.0,78.9,1008.4,15.0,23.0,21.0,20.0,0.29
2024-07-16 15:50:00,0.39,0.0,30.0,150.0,330.0,26.0,78.9,1008.4,15.0,24.0,21.0,20.0,1.0
2024-07-16 16:00:00,0.46,0.0,20.0,140.0,320.0,26.0,79.04,1008.4,16.0,24.0,22.0,20.0,0.58
2024-07-16 16:10:00,0.67,0.0,10.0,130.0,310.0,26.0,79.04,1008.4,16.0,24.0,22.0,20.0,0.54
2024-07-16 16:20:00,1.39,0.0,0.0,120.0,300.0,26.0,79.04,1008.4,16.0,24.0,22.0,20.0,1.05
2024-07-16 16:30:00,0.46,0.0,0.0,110.0,290.0,26.0,79.04,1008.4,16.0,24.0,22.0,20.0,0.95
2024-07-16 16:40:00,0.29,0.0,0.0,100.0,280.0,26.0,79.04,1008.4,16.0,24.0,22.0,20.0,0.97
2024-07-16 16:50:00,1.0,0.0,0.0,90.0,270.0,26.0,74.44,1008.6,16.0,26.0,23.0,20.0,0.58
2024-07-16 17:00:00,0.58,0.0,0.0,80.0,260.0,27.0,74.44,1008.6,17.0,26.0,23.0,20.0,0.44
2024-07-16 17:10:00,0.54,0.0,0.0,70.0,250.0,27.0,74.44,1008.6,17.0,26.0,23.0,20.0,0.68
2024-07-16 17:20:00,1.05,0.0,0.0,60.0,240.0,27.0,74.44,1008.6,17.0,26.0,23.0,20.0,0.77
2024-07-16 17:30:00,0.95,0.0,0.0,50.0,230.0,27.0,74.44,1008.6,17.0,26.0,23.0,20.0,0.84
2024-07-16 17:40:00,0.97,0.0,0.0,40.0,220.0,27.0,74.44,1008.6,17.0,26.0,23.0,20.0,0.88
2024-07-16 17:50:00,0.58,0.0,0.0,30.0,210.0,27.0,70.08,1008.8,17.0,26.0,24.0,21.0,0.74
2024-07-16 18:00:00,0.44,0.0,0.0,20.0,200.0,28.0,70.08,1008.8,18.0,27.0,24.0,21.0,0.89
2024-07-16 18:10:00,0.68,0.0,0.0,10.0,190.0,28.0,70.08,1008.8,18.0,27.0,24.0,21.0,1.23
2024-07-16 18:20:00,0.77,0.0,0.0,0.0,180.0,28.0,70.08,1008.8,18.0,27.0,24.0,21.0,1.08
2024-07-16 18:30:00,0.84,0.0,0.0,0.0,170.0,28.0,70.08,1008.8,18.0,27.0,24.0,21.0,1.17
2024-07-16 18:40:00,0.88,0.0,0.0,0.0,160.0,28.0,70.08,1008.8,18.0,27.0,24.0,21.0,1.13
2024-07-16 18:50:00,0.74,0.0,0.0,0.0,150.0,28.0,74.28,1008.6,18.0,27.0,26.0,21.0,1.08
2024-07-16 19:00:00,0.89,0.0,0.0,0.0,140.0,29.0,74.28,1008.6,19.0,28.0,26.0,22.0,0.89
2024-07-16 19:10:00,1.23,0.0,0.0,0.0,130.0,29.0,74.28,1008.6,19.0,28.0,26.0,22.0,1.06
2024-07-16 19:20:00,1.08,0.0,0.0,0.0,120.0,28.0,74.28,1008.6,19.0,28.0,26.0,22.0,0.97
2024-07-16 19:30:00,1.17,0.0,0.0,0.0,110.0,28.0,74.28,1008.6,19.0,28.0,26.0,22.0,0.9
2024-07-16 19:40:00,1.13,0.0,0.0,0.0,100.0,28.0,74.28,1008.6,19.0,28.0,26.0,22.0,0.9
2024-07-16 19:50:00,1.08,0.0,0.0,0.0,90.0,28.0,74.11,1009.0,19.0,28.0,26.0,23.0,0.84
2024-07-16 20:00:00,0.89,0.0,0.0,0.0,80.0,28.0,74.11,1009.0,20.0,29.0,27.0,23.0,0.92
2024-07-16 20:10:00,1.06,0.0,0.0,0.0,70.0,28.0,74.11,1009.0,20.0,29.0,27.0,23.0,0.89
2024-07-16 20:20:00,0.97,0.0,0.0,0.0,60.0,28.0,74.11,1009.0,20.0,28.0,27.0,23.0,1.07
2024-07-16 20:30:00,0.9,0.0,0.0,0.0,50.0,28.0,74.11,1009.0,20.0,28.0,27.0,23.0,1.01
2024-07-16 20:40:00,0.9,0.0,0.0,0.0,40.0,28.0,74.11,1009.0,20.0,28.0,27.0,23.0,0.89
2024-07-16 20:50:00,0.84,0.0,0.0,0.0,30.0,28.0,74.11,1009.1,20.0,28.0,27.0,24.0,0.87
2024-07-16 21:00:00,0.92,0.0,0.0,0.0,20.0,29.0,83.55,1009.1,21.0,28.0,28.0,24.0,0.8
2024-07-16 21:10:00,0.89,0.0,0.0,0.0,10.0,29.0,83.55,1009.1,21.0,28.0,28.0,24.0,0.9
2024-07-16 21:20:00,1.07,0.0,0.0,0.0,0.0,29.0,83.55,1009.1,21.0,28.0,28.0,24.0,0.81
2024-07-16 21:30:00,1.01,0.0,0.0,0.0,0.0,29.0,83.55,1009.1,21.0,28.0,28.0,24.0,0.59
2024-07-16 21:40:00,0.89,0.0,0.0,0.0,0.0,29.0,83.55,1009.1,21.0,28.0,28.0,24.0,0.64
2024-07-16 21:50:00,0.87,0.0,0.0,0.0,0.0,29.0,83.55,1008.2,21.0,28.0,28.0,26.0,0.88
2024-07-16 22:00:00,0.8,0.0,0.0,0.0,0.0,29.0,94.19,1008.2,22.0,29.0,29.0,26.0,0.69
2024-07-16 22:10:00,0.9,0.0,0.0,0.0,0.0,29.0,94.19,1008.2,22.0,29.0,29.0,26.0,0.7
2024-07-16 22:20:00,0.81,0.0,0.0,0.0,0.0,29.0,94.19,1008.2,22.0,29.0,28.0,26.0,0.74
2024-07-16 22:30:00,0.59,0.0,0.0,0.0,0.0,29.0,94.19,1008.2,22.0,29.0,28.0,26.0,0.76
2024-07-16 22:40:00,0.64,0.0,0.0,0.0,0.0,29.0,94.19,1008.2,22.0,29.0,28.0,26.0,0.67
2024-07-16 22:50:00,0.88,0.0,0.0,0.0,0.0,29.0,94.19,1008.4,22.0,29.0,28.0,26.0,0.72
2024-07-16 23:00:00,0.69,0.0,0.0,0.0,0.0,29.0,94.14,1008.4,23.0,29.0,28.0,27.0,0.81
2024-07-16 23:10:00,0.7,0.0,0.0,0.0,0.0,29.0,94.14,1008.4,23.0,29.0,28.0,27.0,0.8
2024-07-16 23:20:00,0.74,0.0,0.0,0.0,0.0,29.0,94.14,1008.4,23.0,29.0,28.0,27.0,0.8
2024-07-16 23:30:00,0.76,0.0,0.0,0.0,0.0,29.0,94.14,1008.4,23.0,29.0,28.0,27.0,0.76
2024-07-16 23:40:00,0.67,0.0,0.0,0.0,0.0,29.0,100.0,1008.4,23.0,29.0,28.0,27.0,0.77
2024-07-16 23:50:00,0.72,0.0,0.0,0.0,0.0,28.0,100.0,1009.4,23.0,29.0,28.0,27.0,0.7
2024-07-17 00:00:00,0.81,0.0,0.0,0.0,0.0,28.0,100.0,1009.4,0.0,29.0,29.0,28.0,0.64
2024-07-17 00:10:00,0.8,0.0,0.0,0.0,0.0,28.0,100.0,1009.4,0.0,29.0,29.0,28.0,0.54
2024-07-17 00:20:00,0.8,0.0,0.0,0.0,0.0,28.0,100.0,1009.4,0.0,29.0,29.0,28.0,0.5
2024-07-17 00:30:00,0.76,0.0,0.0,0.0,0.0,28.0,100.0,1009.4,0.0,29.0,29.0,28.0,0.55
2024-07-17 00:40:00,0.77,0.0,0.0,0.0,0.0,28.0,100.0,1009.4,0.0,29.0,29.0,28.0,0.65
2024-07-17 00:50:00,0.7,0.0,0.0,0.0,0.0,27.0,100.0,1009.2,0.0,28.0,29.0,28.0,0.57
2024-07-17 01:00:00,0.64,0.0,0.0,0.0,0.0,27.0,100.0,1009.2,1.0,28.0,29.0,29.0,0.49
2024-07-17 01:10:00,0.54,0.0,0.0,0.0,0.0,27.0,100.0,1009.2,1.0,28.0,29.0,29.0,0.56
2024-07-17 01:20:00,0.5,0.0,0.0,0.0,0.0,26.0,100.0,1009.2,1.0,28.0,29.0,28.0,0.54
2024-07-17 01:30:00,0.55,0.0,0.0,0.0,0.0,26.0,100.0,1009.2,1.0,28.0,29.0,28.0,0.52
2024-07-17 01:40:00,0.65,0.0,0.0,0.0,0.0,26.0,100.0,1009.2,1.0,28.0,29.0,28.0,0.09
2024-07-17 01:50:00,0.57,0.0,0.0,0.0,0.0,26.0,100.0,1009.6,1.0,27.0,29.0,28.0,0.05
2024-07-17 02:00:00,0.49,0.0,0.0,0.0,0.0,26.0,100.0,1009.6,2.0,27.0,29.0,28.0,0.07
2024-07-17 02:10:00,0.56,0.0,0.0,0.0,0.0,26.0,100.0,1009.6,2.0,27.0,29.0,28.0,0.15
2024-07-17 02:20:00,0.54,0.0,0.0,0.0,0.0,26.0,100.0,1009.6,2.0,26.0,29.0,28.0,0.15
2024-07-17 02:30:00,0.52,0.0,0.0,0.0,0.0,26.0,100.0,1009.6,2.0,26.0,29.0,28.0,0.25
2024-07-17 02:40:00,0.09,0.0,0.0,0.0,0.0,26.0,100.0,1009.6,2.0,26.0,29.0,28.0,0.35
2024-07-17 02:50:00,0.05,0.0,0.0,0.0,0.0,26.0,100.0,1010.1,2.0,26.0,28.0,28.0,0.29
2024-07-17 03:00:00,0.07,0.0,0.0,0.0,0.0,25.0,100.0,1010.1,3.0,26.0,28.0,29.0,0.08
2024-07-17 03:10:00,0.15,0.0,0.0,0.0,0.0,25.0,100.0,1010.1,3.0,26.0,28.0,29.0,0.06
2024-07-17 03:20:00,0.15,0.0,0.0,0.0,0.0,25.0,100.0,1010.1,3.0,26.0,28.0,29.0,0.07
2024-07-17 03:30:00,0.25,0.0,0.0,0.0,0.0,25.0,100.0,1010.1,3.0,26.0,28.0,29.0,0.1
2024-08-12 21:10:00,0.01,0.0,0.0,0.0,0.0,25.0,73.09,1018.2,21.0,25.0,23.0,18.0,0.01
2024-08-12 21:20:00,0.01,0.0,0.0,0.0,0.0,25.0,73.09,1018.2,21.0,25.0,23.0,18.0,0.01
2024-08-12 21:30:00,0.01,0.0,0.0,0.0,0.0,25.0,73.09,1018.2,21.0,25.0,23.0,20.0,0.01
2024-08-12 21:40:00,0.01,0.0,0.0,0.0,0.0,25.0,73.09,1018.2,21.0,25.0,23.0,20.0,0.01
2024-08-12 21:50:00,0.01,0.0,0.0,0.0,0.0,25.0,73.09,1018.2,21.0,25.0,23.0,20.0,0.01
2024-08-12 22:00:00,0.01,0.0,0.0,0.0,0.0,25.0,82.86,1018.2,22.0,25.0,25.0,22.0,0.01
2024-08-12 22:10:00,0.01,0.0,0.0,0.0,0.0,25.0,82.86,1018.2,22.0,25.0,25.0,22.0,0.01
2024-08-12 22:20:00,0.01,0.0,0.0,0.0,0.0,25.0,82.86,1018.2,22.0,25.0,25.0,22.0,0.01
2024-08-12 22:30:00,0.01,0.0,0.0,0.0,0.0,25.0,82.86,1018.2,22.0,25.0,25.0,22.0,0.01
2024-08-12 22:40:00,0.01,0.0,0.0,0.0,0.0,25.0,82.86,1018.2,22.0,25.0,25.0,22.0,0.01
2024-08-12 22:50:00,0.01,0.0,0.0,0.0,0.0,25.0,82.86,1018.3,22.0,25.0,25.0,22.0,0.01
2024-08-12 23:00:00,0.01,0.0,0.0,0.0,0.0,25.0,82.86,1018.3,23.0,25.0,25.0,23.0,0.01
2024-08-12 23:10:00,0.01,0.0,0.0,0.0,0.0,25.0,82.86,1018.3,23.0,25.0,25.0,23.0,0.01
2024-08-12 23:20:00,0.01,0.0,0.0,0.0,0.0,25.0,82.86,1018.3,23.0,25.0,25.0,23.0,0.01
2024-08-12 23:30:00,0.01,0.0,0.0,0.0,0.0,25.0,82.86,1018.3,23.0,25.0,25.0,23.0,0.01
2024-08-12 23:40:00,0.01,0.0,0.0,0.0,0.0,25.0,82.86,1018.3,23.0,25.0,25.0,23.0,0.01
2024-08-12 23:50:00,0.01,0.0,0.0,0.0,0.0,24.0,82.86,1018.3,23.0,25.0,25.0,23.0,0.01
2024-08-13 00:00:00,0.01,0.0,0.0,0.0,0.0,24.0,88.18,1018.3,0.0,25.0,25.0,23.0,0.01
2024-08-13 00:10:00,0.01,0.0,0.0,0.0,0.0,24.0,88.18,1018.3,0.0,25.0,25.0,23.0,0.01
2024-08-13 00:20:00,0.01,0.0,0.0,0.0,0.0,24.0,88.18,1018.3,0.0,25.0,25.0,23.0,0.01
2024-08-13 00:30:00,0.01,0.0,0.0,0.0,0.0,24.0,88.18,1018.3,0.0,25.0,25.0,23.0,0.01
2024-08-13 00:40:00,0.01,0.0,0.0,0.0,0.0,24.0,88.18,1018.3,0.0,25.0,25.0,23.0,0.01
2024-08-13 00:50:00,0.01,0.0,0.0,0.0,0.0,24.0,88.18,1018.3,0.0,24.0,25.0,23.0,0.01
2024-08-13 01:00:00,0.01,0.0,0.0,0.0,0.0,24.0,93.92,1018.3,1.0,24.0,25.0,25.0,0.01
2024-08-13 01:10:00,0.01,0.0,0.0,0.0,0.0,24.0,93.92,1018.3,1.0,24.0,25.0,25.0,0.01
2024-08-13 01:20:00,0.01,0.0,0.0,0.0,0.0,22.0,93.92,1018.3,1.0,24.0,25.0,25.0,0.01
2024-08-13 01:30:00,0.01,0.0,0.0,0.0,0.0,22.0,93.92,1018.3,1.0,24.0,25.0,25.0,0.01
2024-08-13 01:40:00,0.01,0.0,0.0,0.0,0.0,22.0,100.0,1018.3,1.0,24.0,25.0,25.0,0.01
2024-08-13 01:50:00,0.01,0.0,0.0,0.0,0.0,22.0,100.0,1018.6,1.0,24.0,25.0,25.0,0.01
2024-08-13 02:00:00,0.01,0.0,0.0,0.0,0.0,21.0,100.0,1018.6,2.0,24.0,25.0,25.0,0.01
2024-08-13 02:10:00,0.01,0.0,0.0,0.0,0.0,21.0,100.0,1018.6,2.0,24.0,25.0,25.0,0.01
2024-08-13 02:20:00,0.01,0.0,0.0,0.0,0.0,21.0,100.0,1018.6,2.0,22.0,25.0,25.0,0.01
2024-08-13 02:30:00,0.01,0.0,0.0,0.0,0.0,21.0,100.0,1018.6,2.0,22.0,25.0,25.0,0.01
2024-08-13 02:40:00,0.01,0.0,0.0,0.0,0.0,21.0,100.0,1018.6,2.0,22.0,25.0,25.0,0.01
2024-08-13 02:50:00,0.01,0.0,0.0,0.0,0.0,21.0,100.0,1018.6,2.0,22.0,24.0,25.0,0.01
2024-08-13 03:00:00,0.01,0.0,0.0,0.0,0.0,20.0,100.0,1018.6,3.0,21.0,24.0,25.0,0.01
2024-08-13 03:10:00,0.01,0.0,0.0,0.0,0.0,20.0,100.0,1018.6,3.0,21.0,24.0,25.0,0.01
2024-08-13 03:20:00,0.01,0.0,0.0,0.0,0.0,20.0,100.0,1018.6,3.0,21.0,24.0,25.0,0.01
2024-08-13 03:30:00,0.01,0.0,0.0,0.0,0.0,20.0,100.0,1018.6,3.0,21.0,24.0,25.0,0.01
2024-08-13 03:40:00,0.01,0.0,0.0,0.0,0.0,20.0,100.0,1018.6,3.0,21.0,24.0,25.0,0.01
2024-08-13 03:50:00,0.01,0.0,0.0,0.0,0.0,20.0,100.0,1018.7,3.0,21.0,24.0,25.0,0.01
2024-08-13 04:10:00,0.01,0.0,0.0,0.0,0.0,20.0,100.0,1018.7,4.0,20.0,24.0,25.0,0.01
2024-08-13 04:20:00,0.01,0.0,0.0,0.0,0.0,20.0,100.0,1018.7,4.0,20.0,22.0,25.0,0.01
2024-08-13 04:30:00,0.01,0.0,0.0,0.0,0.0,20.0,100.0,1018.7,4.0,20.0,22.0,25.0,0.01
2024-08-13 04:40:00,0.01,0.0,0.0,0.0,0.0,20.0,100.0,1018.7,4.0,20.0,22.0,25.0,0.01
2024-08-13 04:50:00,0.01,0.0,0.0,0.0,0.0,20.0,100.0,1018.7,4.0,20.0,22.0,25.0,0.12
2024-08-13 05:00:00,0.01,0.0,0.0,0.0,0.0,19.0,100.0,1018.7,5.0,20.0,21.0,25.0,0.12
2024-08-13 05:10:00,0.01,0.0,0.0,0.0,0.0,19.0,100.0,1018.7,5.0,20.0,21.0,25.0,0.24
2024-08-13 05:20:00,0.01,0.0,0.0,0.0,0.0,19.0,100.0,1018.7,5.0,20.0,21.0,25.0,0.34
2024-08-13 05:40:00,0.01,0.0,0.0,0.0,0.0,19.0,100.0,1018.7,5.0,20.0,21.0,25.0,0.59
2024-08-13 06:00:00,0.12,0.0,0.0,0.0,0.0,19.0,100.0,1018.9,6.0,19.0,20.0,24.0,0.58
2024-08-13 06:10:00,0.24,0.0,0.0,0.0,0.0,19.0,100.0,1018.9,6.0,19.0,20.0,24.0,0.58
2024-08-13 06:20:00,0.34,0.0,0.0,0.0,0.0,18.0,100.0,1018.9,6.0,19.0,20.0,24.0,0.66
2024-08-13 06:30:00,0.47,0.0,0.0,0.0,0.0,18.0,100.0,1018.9,6.0,19.0,20.0,24.0,0.71
2024-08-13 06:40:00,0.59,0.0,0.0,0.0,0.0,16.0,100.0,1018.9,6.0,19.0,20.0,24.0,0.8
2024-08-13 06:50:00,0.67,0.0,0.0,0.0,0.0,16.0,100.0,1018.8,6.0,19.0,20.0,24.0,0.87
2024-08-13 07:00:00,0.58,0.0,0.0,0.0,0.0,17.0,100.0,1018.8,7.0,19.0,20.0,24.0,0.83
2024-08-13 07:10:00,0.58,0.0,0.0,0.0,0.0,17.0,100.0,1018.8,7.0,19.0,20.0,24.0,0.97
2024-08-13 07:20:00,0.66,0.0,0.0,0.0,0.0,17.0,100.0,1018.8,7.0,18.0,20.0,22.0,0.84
2024-08-13 07:30:00,0.71,0.0,0.0,0.0,0.0,17.0,100.0,1018.8,7.0,18.0,20.0,22.0,0.95
2024-08-13 07:40:00,0.8,0.0,0.0,0.0,0.0,18.0,100.0,1018.8,7.0,16.0,20.0,22.0,0.69
2024-08-13 07:50:00,0.87,0.0,0.0,0.0,0.0,18.0,100.0,1019.1,7.0,16.0,20.0,22.0,0.54
2024-08-13 08:00:00,0.83,0.0,0.0,0.0,0.0,18.0,93.92,1019.1,8.0,17.0,19.0,21.0,0.1
2024-08-13 08:10:00,0.97,0.0,0.0,0.0,0.0,18.0,93.92,1019.1,8.0,17.0,19.0,21.0,0.11
2024-08-13 08:20:00,0.84,0.0,0.0,0.0,0.0,17.0,93.92,1019.1,8.0,17.0,19.0,21.0,0.62
2024-08-13 08:30:00,0.95,0.0,0.0,0.0,0.0,17.0,93.92,1019.1,8.0,17.0,19.0,21.0,0.52
2024-08-13 08:40:00,0.69,0.0,0.0,0.0,0.0,17.0,93.92,1019.1,8.0,18.0,19.0,21.0,0.37
2024-08-13 08:50:00,0.54,0.0,0.0,0.0,0.0,17.0,93.92,1019.7,8.0,18.0,19.0,21.0,0.15
2024-08-13 09:00:00,0.1,0.0,0.0,0.0,0.0,17.0,78.04,1019.7,9.0,18.0,19.0,20.0,0.15
2024-08-13 09:10:00,0.11,1.0,10.0,10.0,10.0,17.0,78.04,1019.7,9.0,18.0,19.0,20.0,0.01
2024-08-13 09:20:00,0.62,1.0,20.0,20.0,20.0,17.0,78.04,1019.7,9.0,17.0,18.0,20.0,0.37
2024-08-13 09:30:00,0.52,1.0,30.0,30.0,30.0,17.0,78.04,1019.7,9.0,17.0,18.0,20.0,0.17
2024-08-13 09:40:00,0.37,1.0,40.0,40.0,40.0,17.0,78.04,1019.7,9.0,17.0,16.0,20.0,0.49
2024-08-13 10:00:00,0.15,1.0,50.0,50.0,50.0,16.0,64.91,1019.4,10.0,17.0,17.0,20.0,0.94
2024-08-13 10:10:00,0.01,1.0,50.0,60.0,60.0,16.0,64.91,1019.4,10.0,17.0,17.0,20.0,1.03
2024-08-13 10:20:00,0.37,1.0,50.0,70.0,70.0,16.0,64.91,1019.4,10.0,17.0,17.0,20.0,0.3
2024-08-13 10:30:00,0.17,1.0,50.0,80.0,80.0,16.0,64.91,1019.4,10.0,17.0,17.0,20.0,0.14
2024-08-13 10:40:00,0.49,1.0,50.0,90.0,90.0,16.0,64.91,1019.4,10.0,17.0,18.0,20.0,0.19
2024-08-13 10:50:00,0.9,1.0,60.0,100.0,100.0,16.0,64.91,1019.5,10.0,17.0,18.0,20.0,0.31
2024-08-13 11:00:00,0.94,1.0,60.0,110.0,110.0,16.0,54.05,1019.5,11.0,16.0,18.0,19.0,0.12
2024-08-13 11:10:00,1.03,1.0,60.0,120.0,120.0,16.0,54.05,1019.5,11.0,16.0,18.0,19.0,0.03
2024-08-13 11:20:00,0.3,1.0,60.0,130.0,130.0,16.0,54.05,1019.5,11.0,16.0,17.0,19.0,0.1
2024-08-13 11:30:00,0.14,1.0,60.0,140.0,140.0,16.0,54.05,1019.5,11.0,16.0,17.0,19.0,0.12
2024-08-13 11:40:00,0.19,1.0,60.0,150.0,150.0,16.0,54.05,1019.5,11.0,16.0,17.0,19.0,0.29
2024-08-13 11:50:00,0.31,1.0,60.0,160.0,160.0,16.0,50.69,1019.8,11.0,16.0,17.0,19.0,0.67
2024-08-13 12:00:00,0.12,1.0,60.0,170.0,170.0,16.0,50.69,1019.8,12.0,16.0,17.0,19.0,0.86
2024-08-13 12:10:00,0.03,1.0,60.0,170.0,180.0,16.0,50.69,1019.8,12.0,16.0,17.0,19.0,0.96
2024-08-13 12:20:00,0.1,1.0,60.0,170.0,190.0,16.0,50.69,1019.8,12.0,16.0,17.0,18.0,1.39
2024-08-13 12:30:00,0.12,1.0,60.0,170.0,200.0,16.0,50.69,1019.8,12.0,16.0,17.0,18.0,1.83
2024-08-13 12:40:00,0.29,1.0,60.0,170.0,210.0,16.0,50.69,1019.8,12.0,16.0,17.0,16.0,2.19
2024-08-13 12:50:00,0.67,1.0,60.0,180.0,220.0,16.0,47.79,1019.5,12.0,16.0,17.0,16.0,2.2
2024-08-13 13:00:00,0.86,1.0,60.0,180.0,230.0,19.0,47.79,1019.5,13.0,16.0,16.0,17.0,2.77
2024-08-13 13:10:00,0.96,1.0,60.0,180.0,240.0,19.0,47.79,1019.5,13.0,16.0,16.0,17.0,2.97
2024-08-13 13:20:00,1.39,1.0,60.0,180.0,250.0,19.0,47.79,1019.5,13.0,16.0,16.0,17.0,2.9
2024-08-13 13:30:00,1.83,1.0,60.0,180.0,260.0,19.0,47.79,1019.5,13.0,16.0,16.0,17.0,2.78
2024-08-13 13:40:00,2.19,1.0,60.0,180.0,270.0,19.0,47.79,1019.5,13.0,16.0,16.0,18.0,3.34
2024-08-13 13:50:00,2.2,1.0,60.0,180.0,280.0,19.0,45.07,1020.0,13.0,16.0,16.0,18.0,3.11
2024-08-13 14:00:00,2.77,1.0,60.0,180.0,290.0,22.0,45.07,1020.0,14.0,19.0,16.0,18.0,2.65
2024-08-13 14:10:00,2.97,1.0,60.0,180.0,300.0,22.0,45.07,1020.0,14.0,19.0,16.0,18.0,2.69
2024-08-13 14:20:00,2.9,1.0,60.0,180.0,310.0,22.0,45.07,1020.0,14.0,19.0,16.0,17.0,2.72
2024-08-13 14:30:00,2.78,1.0,60.0,180.0,320.0,22.0,45.07,1020.0,14.0,19.0,16.0,17.0,2.89
2024-08-13 14:40:00,3.34,1.0,60.0,180.0,330.0,22.0,45.07,1020.0,14.0,19.0,16.0,17.0,3.17
2024-08-13 14:50:00,3.11,0.0,50.0,170.0,330.0,22.0,0.0,1020.6,14.0,19.0,16.0,17.0,2.59
2024-08-13 15:00:00,2.65,0.0,40.0,160.0,330.0,24.0,0.0,1020.6,15.0,22.0,16.0,17.0,2.52
2024-08-13 15:10:00,2.69,0.0,30.0,150.0,320.0,24.0,0.0,1020.6,15.0,22.0,16.0,17.0,2.73
2024-08-13 15:20:00,2.72,0.0,20.0,140.0,310.0,24.0,0.0,1020.6,15.0,22.0,16.0,17.0,2.93
2024-08-13 15:30:00,2.89,0.0,10.0,130.0,300.0,24.0,0.0,1020.6,15.0,22.0,16.0,17.0,3.09
2024-08-13 15:40:00,3.17,0.0,0.0,120.0,290.0,24.0,0.0,1020.6,15.0,22.0,16.0,17.0,2.89
2024-08-13 15:50:00,2.59,0.0,0.0,110.0,290.0,24.0,48.05,1020.5,15.0,22.0,16.0,17.0,2.75
2024-08-13 16:00:00,2.52,0.0,0.0,100.0,280.0,26.0,48.05,1020.5,16.0,24.0,19.0,16.0,2.83
2024-08-13 16:10:00,2.73,0.0,0.0,90.0,270.0,26.0,48.05,1020.5,16.0,24.0,19.0,16.0,2.97
2024-08-13 16:20:00,2.93,0.0,0.0,80.0,260.0,26.0,48.05,1020.5,16.0,24.0,19.0,16.0,2.93
2024-08-13 16:30:00,3.09,0.0,0.0,70.0,250.0,26.0,48.05,1020.5,16.0,24.0,19.0,16.0,2.83
2024-08-13 16:40:00,2.89,0.0,0.0,60.0,240.0,26.0,48.05,1020.5,16.0,24.0,19.0,16.0,2.62
2024-08-13 16:50:00,2.75,0.0,0.0,50.0,230.0,26.0,45.07,1019.6,16.0,24.0,19.0,16.0,2.43
2024-08-13 17:00:00,2.83,0.0,0.0,40.0,220.0,26.0,45.07,1019.6,17.0,26.0,22.0,16.0,2.72
2024-08-13 17:10:00,2.97,0.0,0.0,30.0,210.0,26.0,45.07,1019.6,17.0,26.0,22.0,16.0,2.59
2024-08-13 17:20:00,2.93,0.0,0.0,20.0,200.0,26.0,45.07,1019.6,17.0,26.0,22.0,16.0,2.48
2024-08-13 17:30:00,2.83,0.0,0.0,10.0,190.0,26.0,45.07,1019.6,17.0,26.0,22.0,16.0,2.49
2024-08-13 17:40:00,2.62,0.0,0.0,0.0,180.0,26.0,45.07,1019.6,17.0,26.0,22.0,16.0,2.53
2024-08-13 17:50:00,2.43,0.0,0.0,0.0,170.0,27.0,51.21,1019.4,17.0,26.0,22.0,16.0,2.58
2024-08-13 18:00:00,2.72,0.0,0.0,0.0,160.0,27.0,51.21,1019.4,18.0,26.0,24.0,16.0,2.09
2024-08-13 18:10:00,2.59,0.0,0.0,0.0,150.0,27.0,51.21,1019.4,18.0,26.0,24.0,16.0,1.41
2024-08-13 18:20:00,2.48,0.0,0.0,0.0,140.0,27.0,51.21,1019.4,18.0,26.0,24.0,16.0,1.06
2024-08-13 18:30:00,2.49,0.0,0.0,0.0,130.0,27.0,51.21,1019.4,18.0,26.0,24.0,16.0,1.19
2024-08-13 18:40:00,2.53,0.0,0.0,0.0,120.0,27.0,51.21,1019.4,18.0,26.0,24.0,16.0,1.82
2024-08-13 18:50:00,2.58,0.0,0.0,0.0,110.0,28.0,57.6,1019.2,18.0,27.0,24.0,16.0,2.26
2024-08-13 19:00:00,2.09,0.0,0.0,0.0,100.0,28.0,57.6,1019.2,19.0,27.0,26.0,19.0,2.18
2024-08-13 19:10:00,1.41,0.0,0.0,0.0,90.0,28.0,57.6,1019.2,19.0,27.0,26.0,19.0,2.27
2024-08-13 19:20:00,1.06,0.0,0.0,0.0,80.0,28.0,57.6,1019.2,19.0,27.0,26.0,19.0,2.02
2024-08-13 19:30:00,1.19,0.0,0.0,0.0,70.0,28.0,57.6,1019.2,19.0,27.0,26.0,19.0,2.24
2024-08-13 19:40:00,1.82,0.0,0.0,0.0,60.0,28.0,57.6,1019.2,19.0,27.0,26.0,19.0,2.38
2024-08-13 19:50:00,2.26,0.0,0.0,0.0,50.0,0.0,65.12,1018.9,19.0,28.0,26.0,19.0,1.57
2024-08-13 20:00:00,2.18,0.0,0.0,0.0,40.0,0.0,65.12,1018.9,20.0,28.0,26.0,22.0,1.2
2024-08-13 20:10:00,2.27,0.0,0.0,0.0,30.0,0.0,65.12,1018.9,20.0,28.0,26.0,22.0,1.3
2024-08-13 20:20:00,2.02,0.0,0.0,0.0,20.0,0.0,65.12,1018.9,20.0,28.0,26.0,22.0,1.21
2024-08-13 20:30:00,2.24,0.0,0.0,0.0,10.0,0.0,65.12,1018.9,20.0,28.0,26.0,22.0,1.27
2024-08-13 20:40:00,2.38,0.0,0.0,0.0,0.0,0.0,65.12,1018.9,20.0,28.0,26.0,22.0,1.42
2024-08-13 20:50:00,1.57,0.0,0.0,0.0,0.0,28.0,65.12,1018.5,20.0,0.0,27.0,22.0,1.3
2024-08-13 21:00:00,1.2,0.0,0.0,0.0,0.0,28.0,61.13,1018.5,21.0,0.0,27.0,24.0,1.33
2024-08-13 21:10:00,1.3,0.0,0.0,0.0,0.0,28.0,61.13,1018.5,21.0,0.0,27.0,24.0,1.27
2024-08-13 21:20:00,1.21,0.0,0.0,0.0,0.0,28.0,61.13,1018.5,21.0,0.0,27.0,24.0,1.43
2024-08-13 21:30:00,1.27,0.0,0.0,0.0,0.0,28.0,61.13,1018.5,21.0,0.0,27.0,24.0,1.66
2024-08-13 21:40:00,1.42,0.0,0.0,0.0,0.0,28.0,64.91,1018.5,21.0,0.0,27.0,24.0,1.73
2024-08-13 21:50:00,1.3,0.0,0.0,0.0,0.0,28.0,64.91,1018.5,21.0,28.0,28.0,24.0,1.74
2024-08-13 22:00:00,1.33,0.0,0.0,0.0,0.0,28.0,64.91,1018.5,22.0,28.0,28.0,26.0,1.95
2024-08-13 22:10:00,1.27,0.0,0.0,0.0,0.0,28.0,64.91,1018.5,22.0,28.0,28.0,26.0,1.94
2024-08-13 22:20:00,1.43,0.0,0.0,0.0,0.0,28.0,64.91,1018.5,22.0,28.0,28.0,26.0,1.9
2024-08-13 22:30:00,1.66,0.0,0.0,0.0,0.0,28.0,64.91,1018.5,22.0,28.0,28.0,26.0,1.9
2024-08-13 22:40:00,1.73,0.0,0.0,0.0,0.0,28.0,64.91,1018.5,22.0,28.0,28.0,26.0,1.88
2024-08-13 22:50:00,1.74,0.0,0.0,0.0,0.0,28.0,64.91,1018.6,22.0,28.0,0.0,26.0,0.9
2024-08-13 23:00:00,1.95,0.0,0.0,0.0,0.0,28.0,64.69,1018.6,23.0,28.0,0.0,26.0,0.69
2024-08-13 23:10:00,1.94,0.0,0.0,0.0,0.0,28.0,64.69,1018.6,23.0,28.0,0.0,26.0,0.73
2024-08-13 23:20:00,1.9,0.0,0.0,0.0,0.0,28.0,64.69,1018.6,23.0,28.0,0.0,26.0,1.06
2024-08-13 23:30:00,1.9,0.0,0.0,0.0,0.0,28.0,64.69,1018.6,23.0,28.0,0.0,26.0,0.79
2024-08-13 23:40:00,1.88,0.0,0.0,0.0,0.0,28.0,64.69,1018.6,23.0,28.0,0.0,26.0,0.83
2024-08-13 23:50:00,0.9,0.0,0.0,0.0,0.0,26.0,64.69,1018.7,23.0,28.0,28.0,27.0,0.62
2024-08-14 00:00:00,0.69,0.0,0.0,0.0,0.0,26.0,68.75,1018.7,0.0,28.0,28.0,27.0,0.62
2024-08-14 00:10:00,0.73,0.0,0.0,0.0,0.0,26.0,68.75,1018.7,0.0,28.0,28.0,27.0,0.57
2024-08-14 00:20:00,1.06,0.0,0.0,0.0,0.0,26.0,68.75,1018.7,0.0,28.0,28.0,27.0,1.73
2024-08-14 00:30:00,0.79,0.0,0.0,0.0,0.0,26.0,68.75,1018.7,0.0,28.0,28.0,27.0,1.71
2024-08-14 00:40:00,0.83,0.0,0.0,0.0,0.0,26.0,88.18,1018.7,0.0,28.0,28.0,27.0,1.73
2024-08-14 00:50:00,0.62,0.0,0.0,0.0,0.0,25.0,88.18,1018.8,0.0,26.0,28.0,28.0,1.71
2024-08-14 01:00:00,0.62,0.0,0.0,0.0,0.0,25.0,88.18,1018.8,1.0,26.0,28.0,28.0,1.66
2024-08-14 01:10:00,0.57,0.0,0.0,0.0,0.0,25.0,88.18,1018.8,1.0,26.0,28.0,28.0,1.61
2024-08-14 01:20:00,1.73,0.0,0.0,0.0,0.0,26.0,88.18,1018.8,1.0,26.0,28.0,28.0,1.59
2024-08-14 01:30:00,1.71,0.0,0.0,0.0,0.0,26.0,88.18,1018.8,1.0,26.0,28.0,28.0,1.48
2024-08-14 01:40:00,1.73,0.0,0.0,0.0,0.0,25.0,88.18,1018.8,1.0,26.0,28.0,28.0,1.44
2024-08-14 01:50:00,1.71,0.0,0.0,0.0,0.0,25.0,88.18,1019.2,1.0,25.0,28.0,0.0,1.27
2024-08-14 02:00:00,1.66,0.0,0.0,0.0,0.0,25.0,82.86,1019.2,2.0,25.0,28.0,0.0,1.28
2024-08-14 02:10:00,1.61,0.0,0.0,0.0,0.0,25.0,82.86,1019.2,2.0,25.0,28.0,0.0,1.21
2024-08-14 02:20:00,1.59,0.0,0.0,0.0,0.0,24.0,82.86,1019.2,2.0,26.0,28.0,0.0,1.13
2024-08-14 02:30:00,1.48,0.0,0.0,0.0,0.0,24.0,82.86,1019.2,2.0,26.0,28.0,0.0,0.8
2024-08-14 02:40:00,1.44,0.0,0.0,0.0,0.0,24.0,82.86,1019.2,2.0,25.0,28.0,0.0,0.48
2024-08-14 02:50:00,1.27,0.0,0.0,0.0,0.0,24.0,82.86,1019.1,2.0,25.0,26.0,28.0,0.16
2025-10-02 04:00:00,0.15,0.0,0.0,0.0,0.0,19.0,63.85,1022.3,4.0,25.0,25.0,25.0,1.24
2025-10-02 04:30:00,1.14,0.0,0.0,0.0,0.0,19.0,63.85,1022.3,4.0,25.0,25.0,25.0,1.07
2025-10-02 05:00:00,1.24,0.0,0.0,0.0,0.0,18.0,59.52,1022.6,5.0,19.0,25.0,25.0,0.81
2025-10-02 05:30:00,1.07,0.0,0.0,0.0,0.0,18.0,59.52,1022.6,5.0,19.0,25.0,25.0,0.8
2025-10-02 06:00:00,0.81,0.0,0.0,0.0,0.0,17.0,59.27,1022.9,6.0,18.0,25.0,25.0,0.38
2025-10-02 06:30:00,0.8,0.0,0.0,0.0,0.0,17.0,59.27,1022.9,6.0,18.0,25.0,25.0,0.3
2025-10-02 07:00:00,0.38,0.0,0.0,0.0,0.0,16.0,59.02,1023.1,7.0,17.0,19.0,25.0,0.4
2025-10-02 07:30:00,0.3,0.0,0.0,0.0,0.0,16.0,59.02,1023.1,7.0,17.0,19.0,25.0,0.46
2025-10-02 08:00:00,0.4,0.0,0.0,0.0,0.0,15.0,62.93,1023.2,8.0,16.0,18.0,25.0,0.36
2025-10-02 08:30:00,0.46,0.0,0.0,0.0,0.0,15.0,62.93,1023.2,8.0,16.0,18.0,25.0,0.58
2025-10-02 09:00:00,0.36,0.0,0.0,0.0,0.0,15.0,67.34,1023.5,9.0,15.0,17.0,25.0,0.63
2025-10-02 09:30:00,0.58,0.0,0.0,0.0,0.0,15.0,67.34,1023.5,9.0,15.0,17.0,25.0,0.56
2025-10-02 10:00:00,0.63,0.0,0.0,0.0,0.0,14.0,71.84,1023.5,10.0,15.0,16.0,19.0,0.52
2025-10-02 10:30:00,0.56,0.0,0.0,0.0,0.0,14.0,71.84,1023.5,10.0,15.0,16.0,19.0,0.27
2025-10-02 11:00:00,0.52,0.0,0.0,0.0,0.0,14.0,71.84,1023.7,11.0,14.0,15.0,18.0,0.23
2025-10-02 11:30:00,0.27,0.0,0.0,0.0,0.0,14.0,71.84,1023.7,11.0,14.0,15.0,18.0,0.55
2025-10-02 12:00:00,0.23,0.0,0.0,0.0,0.0,14.0,82.13,1023.9,12.0,14.0,15.0,17.0,0.33
2025-10-02 12:30:00,0.55,0.0,0.0,0.0,0.0,14.0,82.13,1023.9,12.0,14.0,15.0,17.0,0.52
2025-10-02 13:00:00,0.33,0.0,0.0,0.0,0.0,14.0,87.75,1024.3,13.0,14.0,14.0,16.0,0.58
2025-10-02 13:30:00,0.52,0.0,0.0,0.0,0.0,14.0,87.75,1024.3,13.0,14.0,14.0,16.0,0.38
2025-10-02 14:00:00,0.58,0.0,0.0,0.0,0.0,17.0,72.4,1024.7,14.0,14.0,14.0,15.0,0.41
2025-10-02 14:30:00,0.38,0.0,0.0,0.0,0.0,17.0,72.4,1024.7,14.0,14.0,14.0,15.0,0.68
2025-10-02 15:00:00,0.41,1.0,10.0,10.0,10.0,19.0,59.76,1024.5,15.0,17.0,14.0,15.0,1.35
2025-10-02 15:30:00,0.68,1.0,20.0,20.0,20.0,19.0,59.76,1024.5,15.0,17.0,14.0,15.0,2.99
2025-10-02 16:00:00,1.35,1.0,20.0,30.0,30.0,22.0,53.07,1024.1,16.0,19.0,14.0,14.0,3.29
2025-10-02 16:30:00,2.99,1.0,20.0,40.0,40.0,22.0,53.07,1024.1,16.0,19.0,14.0,14.0,2.88
2025-10-02 17:00:00,3.29,1.0,20.0,50.0,50.0,24.0,50.22,1023.6,17.0,22.0,17.0,14.0,3.07
2025-10-02 17:30:00,2.88,1.0,20.0,60.0,60.0,24.0,50.22,1023.6,17.0,22.0,17.0,14.0,3.21
2025-10-02 18:00:00,3.07,1.0,20.0,60.0,70.0,26.0,47.58,1023.2,18.0,24.0,19.0,14.0,3.4
2025-10-02 18:30:00,3.21,1.0,20.0,60.0,80.0,26.0,47.58,1023.2,18.0,24.0,19.0,14.0,3.32
2025-10-02 19:00:00,3.4,1.0,20.0,60.0,90.0,28.0,42.32,1022.3,19.0,26.0,22.0,14.0,3.09
2025-10-02 19:30:00,3.32,1.0,20.0,60.0,100.0,28.0,42.32,1022.3,19.0,26.0,22.0,14.0,2.97
2025-10-02 20:00:00,3.09,1.0,20.0,60.0,110.0,28.0,42.32,1021.8,20.0,28.0,24.0,17.0,3.34
2025-10-02 20:30:00,2.97,1.0,20.0,60.0,120.0,28.0,42.32,1021.8,20.0,28.0,24.0,17.0,1.84
2025-10-02 21:00:00,3.34,1.0,20.0,60.0,120.0,28.0,42.32,1021.8,21.0,28.0,26.0,19.0,2.39
2025-10-02 21:30:00,1.84,1.0,20.0,60.0,120.0,28.0,42.32,1021.8,21.0,28.0,26.0,19.0,1.18
2025-10-02 22:00:00,2.39,1.0,20.0,60.0,120.0,29.0,35.04,1021.8,22.0,28.0,28.0,22.0,2.18
2025-10-02 22:30:00,1.18,0.0,10.0,50.0,110.0,29.0,35.04,1021.8,22.0,28.0,28.0,22.0,3.11
2025-10-02 23:00:00,2.18,0.0,0.0,40.0,100.0,27.0,42.03,1021.6,23.0,29.0,28.0,24.0,3.01
2025-10-02 23:30:00,3.11,0.0,0.0,30.0,90.0,27.0,42.03,1021.6,23.0,29.0,28.0,24.0,2.92
2025-10-03 00:00:00,3.01,0.0,0.0,20.0,80.0,24.0,50.22,1021.8,0.0,27.0,28.0,26.0,2.56
2025-10-03 00:30:00,2.92,0.0,0.0,10.0,70.0,24.0,50.22,1021.8,0.0,27.0,28.0,26.0,2.43
2025-10-03 01:00:00,2.56,0.0,0.0,0.0,60.0,23.0,56.92,1022.1,1.0,24.0,29.0,28.0,2.02
2025-10-03 01:30:00,2.43,0.0,0.0,0.0,50.0,23.0,56.92,1022.1,1.0,24.0,29.0,28.0,1.99
2025-10-03 02:00:00,2.02,0.0,0.0,0.0,40.0,22.0,60.48,1022.2,2.0,23.0,27.0,28.0,1.89
2025-10-03 02:30:00,1.99,0.0,0.0,0.0,30.0,22.0,60.48,1022.2,2.0,23.0,27.0,28.0,1.9
2025-10-03 03:00:00,1.89,0.0,0.0,0.0,20.0,20.0,68.38,1022.1,3.0,22.0,24.0,28.0,1.72
2025-10-03 03:30:00,1.9,0.0,0.0,0.0,10.0,20.0,68.38,1022.1,3.0,22.0,24.0,28.0,2.09
2025-10-03 04:00:00,1.72,0.0,0.0,0.0,0.0,19.0,72.76,1022.3,4.0,20.0,23.0,29.0,1.95
2025-10-03 04:30:00,2.09,0.0,0.0,0.0,0.0,19.0,72.76,1022.3,4.0,20.0,23.0,29.0,1.56
2025-10-03 05:00:00,1.95,0.0,0.0,0.0,0.0,19.0,63.85,1022.2,5.0,19.0,22.0,27.0,1.39
2025-10-03 05:30:00,1.56,0.0,0.0,0.0,0.0,19.0,63.85,1022.2,5.0,19.0,22.0,27.0,0.96
2025-10-03 06:00:00,1.39,0.0,0.0,0.0,0.0,17.0,72.4,1022.1,6.0,19.0,20.0,24.0,0.87
2025-10-03 06:30:00,0.96,0.0,0.0,0.0,0.0,17.0,72.4,1022.1,6.0,19.0,20.0,24.0,0.98
2025-10-03 07:00:00,0.87,0.0,0.0,0.0,0.0,17.0,72.4,1022.2,7.0,17.0,19.0,23.0,1.02
2025-10-03 07:30:00,0.98,0.0,0.0,0.0,0.0,17.0,72.4,1022.2,7.0,17.0,19.0,23.0,0.84
2025-10-03 08:00:00,1.02,0.0,0.0,0.0,0.0,17.0,72.4,1021.9,8.0,17.0,19.0,22.0,0.61
2025-10-03 08:30:00,0.84,0.0,0.0,0.0,0.0,17.0,72.4,1021.9,8.0,17.0,19.0,22.0,0.76
2025-10-03 09:00:00,0.61,0.0,0.0,0.0,0.0,17.0,72.4,1021.8,9.0,17.0,17.0,20.0,1.14
2025-10-03 09:30:00,0.76,0.0,0.0,0.0,0.0,17.0,72.4,1021.8,9.0,17.0,17.0,20.0,0.83
2025-10-03 10:00:00,1.14,0.0,0.0,0.0,0.0,16.0,77.15,1021.9,10.0,17.0,17.0,19.0,0.78
2025-10-03 10:30:00,0.83,0.0,0.0,0.0,0.0,16.0,77.15,1021.9,10.0,17.0,17.0,19.0,0.87
2025-10-09 01:30:00,3.19,0.0,0.0,0.0,0.0,12.0,76.51,1029.7,1.0,13.0,17.0,16.0,2.74
2025-10-09 02:00:00,2.98,0.0,0.0,0.0,0.0,11.0,76.34,1029.9,2.0,12.0,15.0,18.0,2.62
2025-10-09 02:30:00,2.74,0.0,0.0,0.0,0.0,11.0,76.34,1029.9,2.0,12.0,15.0,18.0,2.85
2025-10-09 03:00:00,2.62,0.0,0.0,0.0,0.0,10.0,81.6,1030.3,3.0,11.0,13.0,18.0,2.83
2025-10-09 03:30:00,2.85,0.0,0.0,0.0,0.0,10.0,81.6,1030.3,3.0,11.0,13.0,18.0,2.56
2025-10-09 04:00:00,2.83,0.0,0.0,0.0,0.0,10.0,76.17,1030.4,4.0,10.0,12.0,17.0,2.43
2025-10-09 04:30:00,2.56,0.0,0.0,0.0,0.0,10.0,76.17,1030.4,4.0,10.0,12.0,17.0,2.37
2025-10-09 05:00:00,2.43,0.0,0.0,0.0,0.0,9.0,81.47,1030.2,5.0,10.0,11.0,15.0,2.12
2025-10-09 05:30:00,2.37,0.0,0.0,0.0,0.0,9.0,81.47,1030.2,5.0,10.0,11.0,15.0,2.15
2025-10-09 06:00:00,2.12,0.0,0.0,0.0,0.0,10.0,76.17,1030.3,6.0,9.0,10.0,13.0,1.95
2025-10-09 06:30:00,2.15,0.0,0.0,0.0,0.0,10.0,76.17,1030.3,6.0,9.0,10.0,13.0,1.89
2025-10-09 07:00:00,1.95,0.0,0.0,0.0,0.0,9.0,81.47,1030.5,7.0,10.0,10.0,12.0,1.87
2025-10-09 07:30:00,1.89,0.0,0.0,0.0,0.0,9.0,81.47,1030.5,7.0,10.0,10.0,12.0,1.9
2025-10-09 08:00:00,1.87,0.0,0.0,0.0,0.0,8.0,87.18,1030.5,8.0,9.0,9.0,11.0,1.85
2025-10-09 08:30:00,1.9,0.0,0.0,0.0,0.0,8.0,87.18,1030.5,8.0,9.0,9.0,11.0,2.03
2025-10-09 09:00:00,1.85,0.0,0.0,0.0,0.0,9.0,81.47,1031.1,9.0,8.0,10.0,10.0,2.04
2025-10-09 09:30:00,2.03,0.0,0.0,0.0,0.0,9.0,81.47,1031.1,9.0,8.0,10.0,10.0,2.25
2025-10-09 10:00:00,2.04,0.0,0.0,0.0,0.0,8.0,81.33,1031.2,10.0,9.0,9.0,10.0,2.24
2025-10-09 10:30:00,2.25,0.0,0.0,0.0,0.0,8.0,81.33,1031.2,10.0,9.0,9.0,10.0,2.36
2025-10-09 11:00:00,2.24,0.0,0.0,0.0,0.0,7.0,87.08,1031.8,11.0,8.0,8.0,9.0,2.75
2025-10-09 11:30:00,2.36,0.0,0.0,0.0,0.0,7.0,87.08,1031.8,11.0,8.0,8.0,9.0,2.81
2025-10-09 12:00:00,2.75,0.0,0.0,0.0,0.0,7.0,81.2,1032.2,12.0,7.0,9.0,10.0,2.68
2025-10-09 12:30:00,2.81,0.0,0.0,0.0,0.0,7.0,81.2,1032.2,12.0,7.0,9.0,10.0,1.91
2025-10-09 13:00:00,2.68,0.0,0.0,0.0,0.0,7.0,87.08,1032.6,13.0,7.0,8.0,9.0,2.23
2025-10-09 13:30:00,1.91,1.0,10.0,10.0,10.0,7.0,87.08,1032.6,13.0,7.0,8.0,9.0,2.44
2025-10-09 14:00:00,2.23,1.0,20.0,20.0,20.0,11.0,66.48,1032.8,14.0,7.0,7.0,8.0,2.66
2025-10-09 14:30:00,2.44,0.0,10.0,20.0,20.0,11.0,66.48,1032.8,14.0,7.0,7.0,8.0,2.43
2025-10-09 15:00:00,2.66,0.0,0.0,20.0,20.0,15.0,51.18,1032.6,15.0,11.0,7.0,9.0,3.17
2025-10-09 15:30:00,2.43,0.0,0.0,20.0,20.0,15.0,51.18,1032.6,15.0,11.0,7.0,9.0,1.86
2025-10-09 16:00:00,3.17,0.0,0.0,20.0,20.0,15.0,54.86,1032.5,16.0,15.0,7.0,8.0,2.58
2025-10-09 16:30:00,1.86,0.0,0.0,10.0,20.0,15.0,54.86,1032.5,16.0,15.0,7.0,8.0,2.45
2025-10-09 17:00:00,2.58,0.0,0.0,0.0,20.0,16.0,51.46,1032.0,17.0,15.0,11.0,7.0,2.44
2025-10-09 17:30:00,2.45,0.0,0.0,0.0,20.0,16.0,51.46,1032.0,17.0,15.0,11.0,7.0,2.72
2025-10-09 18:00:00,2.44,0.0,0.0,0.0,20.0,17.0,48.29,1031.1,18.0,16.0,15.0,7.0,2.1
2025-10-09 18:30:00,2.72,0.0,0.0,0.0,20.0,17.0,48.29,1031.1,18.0,16.0,15.0,7.0,1.74
2025-10-09 19:00:00,2.1,0.0,0.0,0.0,20.0,17.0,48.29,1030.2,19.0,17.0,15.0,7.0,2.31
2025-10-09 19:30:00,1.74,0.0,0.0,0.0,10.0,17.0,48.29,1030.2,19.0,17.0,15.0,7.0,2.13
2025-10-09 20:00:00,2.31,0.0,0.0,0.0,0.0,18.0,42.3,1029.4,20.0,17.0,16.0,11.0,2.69
2025-10-09 20:30:00,2.13,0.0,0.0,0.0,0.0,18.0,42.3,1029.4,20.0,17.0,16.0,11.0,2.74
2025-10-09 21:00:00,2.69,0.0,0.0,0.0,0.0,18.0,42.3,1028.8,21.0,18.0,17.0,15.0,2.4
2025-10-09 21:30:00,2.74,0.0,0.0,0.0,0.0,18.0,42.3,1028.8,21.0,18.0,17.0,15.0,2.32
2025-10-09 22:00:00,2.4,0.0,0.0,0.0,0.0,18.0,42.3,1028.1,22.0,18.0,17.0,15.0,2.36
2025-10-09 22:30:00,2.32,0.0,0.0,0.0,0.0,18.0,42.3,1028.1,22.0,18.0,17.0,15.0,1.78
2025-10-09 23:00:00,2.36,0.0,0.0,0.0,0.0,17.0,45.05,1027.9,23.0,18.0,18.0,16.0,2.13
2025-10-09 23:30:00,1.78,0.0,0.0,0.0,0.0,17.0,45.05,1027.9,23.0,18.0,18.0,16.0,1.85
2025-10-10 00:00:00,2.13,0.0,0.0,0.0,0.0,15.0,51.18,1027.7,0.0,17.0,18.0,17.0,1.9
2025-10-10 00:30:00,1.85,0.0,0.0,0.0,0.0,15.0,51.18,1027.7,0.0,17.0,18.0,17.0,0.64
2025-10-10 01:00:00,1.9,0.0,0.0,0.0,0.0,13.0,62.46,1027.4,1.0,15.0,18.0,17.0,1.41
2025-10-10 01:30:00,0.64,0.0,0.0,0.0,0.0,13.0,62.46,1027.4,1.0,15.0,18.0,17.0,1.4
2025-10-10 02:00:00,1.41,0.0,0.0,0.0,0.0,12.0,71.45,1026.9,2.0,13.0,17.0,18.0,2.42
2025-10-10 02:30:00,1.4,0.0,0.0,0.0,0.0,12.0,71.45,1026.9,2.0,13.0,17.0,18.0,2.52
2025-10-14 03:00:00,0.82,0.0,0.0,0.0,0.0,18.0,72.58,1021.5,3.0,18.0,18.0,20.0,0.5
2025-10-14 03:30:00,0.62,0.0,0.0,0.0,0.0,18.0,72.58,1021.5,3.0,18.0,18.0,20.0,1.35
2025-10-14 04:00:00,0.5,0.0,0.0,0.0,0.0,18.0,72.58,1022.0,4.0,18.0,19.0,20.0,0.75
2025-10-14 04:30:00,1.35,0.0,0.0,0.0,0.0,18.0,72.58,1022.0,4.0,18.0,19.0,20.0,1.05
2025-10-14 05:00:00,0.75,0.0,0.0,0.0,0.0,17.0,77.31,1022.1,5.0,18.0,18.0,20.0,3.23
2025-10-14 05:30:00,1.05,0.0,0.0,0.0,0.0,17.0,77.31,1022.1,5.0,18.0,18.0,20.0,2.6
2025-10-14 06:00:00,3.23,0.0,0.0,0.0,0.0,17.0,77.31,1022.6,6.0,17.0,18.0,18.0,2.25
2025-10-14 06:30:00,2.6,0.0,0.0,0.0,0.0,17.0,77.31,1022.6,6.0,17.0,18.0,18.0,2.47
2025-10-14 07:00:00,2.25,0.0,0.0,0.0,0.0,16.0,82.38,1022.9,7.0,17.0,18.0,19.0,2.41
2025-10-14 07:30:00,2.47,0.0,0.0,0.0,0.0,16.0,82.38,1022.9,7.0,17.0,18.0,19.0,2.59
2025-10-14 08:00:00,2.41,0.0,0.0,0.0,0.0,15.0,87.84,1023.1,8.0,16.0,17.0,18.0,2.38
2025-10-14 08:30:00,2.59,0.0,0.0,0.0,0.0,15.0,87.84,1023.1,8.0,16.0,17.0,18.0,2.43
2025-10-14 09:00:00,2.38,0.0,0.0,0.0,0.0,14.0,87.75,1023.4,9.0,15.0,17.0,18.0,1.99
2025-10-14 09:30:00,2.43,0.0,0.0,0.0,0.0,14.0,87.75,1023.4,9.0,15.0,17.0,18.0,2.27
2025-10-14 10:00:00,1.99,0.0,0.0,0.0,0.0,14.0,93.7,1024.0,10.0,14.0,16.0,18.0,2.21
2025-10-14 10:30:00,2.27,0.0,0.0,0.0,0.0,14.0,93.7,1024.0,10.0,14.0,16.0,18.0,2.22
2025-10-14 11:00:00,2.21,0.0,0.0,0.0,0.0,13.0,93.65,1024.4,11.0,14.0,15.0,17.0,2.59
2025-10-14 11:30:00,2.22,0.0,0.0,0.0,0.0,13.0,93.65,1024.4,11.0,14.0,15.0,17.0,2.57
2025-10-14 12:00:00,2.59,0.0,0.0,0.0,0.0,13.0,93.65,1025.0,12.0,13.0,14.0,17.0,2.73
2025-10-14 12:30:00,2.57,0.0,0.0,0.0,0.0,13.0,93.65,1025.0,12.0,13.0,14.0,17.0,3.08
2025-10-14 13:00:00,2.73,0.0,0.0,0.0,0.0,15.0,93.74,1025.9,13.0,13.0,14.0,16.0,3.56
2025-10-14 13:30:00,3.08,0.0,0.0,0.0,0.0,15.0,93.74,1025.9,13.0,13.0,14.0,16.0,3.57
2025-10-14 14:00:00,3.56,0.0,0.0,0.0,0.0,16.0,87.93,1026.5,14.0,15.0,13.0,15.0,4.36
2025-10-14 14:30:00,3.57,0.0,0.0,0.0,0.0,16.0,87.93,1026.5,14.0,15.0,13.0,15.0,4.41
2025-10-14 15:00:00,4.36,1.0,10.0,10.0,10.0,17.0,88.01,1026.9,15.0,16.0,13.0,14.0,4.6
2025-10-14 15:30:00,4.41,1.0,20.0,20.0,20.0,17.0,88.01,1026.9,15.0,16.0,13.0,14.0,5.12
2025-10-14 16:00:00,4.6,1.0,20.0,30.0,30.0,18.0,88.1,1026.9,16.0,17.0,15.0,14.0,5.05
2025-10-14 16:30:00,5.12,1.0,20.0,40.0,40.0,18.0,88.1,1026.9,16.0,17.0,15.0,14.0,5.65
2025-10-14 17:00:00,5.05,1.0,20.0,50.0,50.0,19.0,88.19,1026.9,17.0,18.0,16.0,13.0,5.45
2025-10-14 17:30:00,5.65,1.0,20.0,60.0,60.0,19.0,88.19,1026.9,17.0,18.0,16.0,13.0,5.33
2025-10-14 18:00:00,5.45,1.0,20.0,60.0,70.0,19.0,88.19,1026.1,18.0,19.0,17.0,13.0,5.08
2025-10-14 18:30:00,5.33,1.0,20.0,60.0,80.0,19.0,88.19,1026.1,18.0,19.0,17.0,13.0,5.68
2025-10-14 19:00:00,5.08,1.0,20.0,60.0,90.0,21.0,73.13,1025.9,19.0,19.0,18.0,15.0,5.38
2025-10-14 19:30:00,5.68,1.0,20.0,60.0,100.0,21.0,73.13,1025.9,19.0,19.0,18.0,15.0,5.1
2025-10-14 20:00:00,5.38,1.0,20.0,60.0,110.0,21.0,73.13,1025.9,20.0,21.0,19.0,16.0,5.26
2025-10-14 20:30:00,5.1,1.0,20.0,60.0,120.0,21.0,73.13,1025.9,20.0,21.0,19.0,16.0,4.94
2025-10-14 21:00:00,5.26,1.0,20.0,60.0,120.0,21.0,60.24,1026.0,21.0,21.0,19.0,17.0,5.19
2025-10-14 21:30:00,4.94,1.0,20.0,60.0,120.0,21.0,60.24,1026.0,21.0,21.0,19.0,17.0,4.86
2025-10-14 22:00:00,5.19,1.0,20.0,60.0,120.0,20.0,60.0,1026.1,22.0,21.0,21.0,18.0,5.28
2025-10-14 22:30:00,4.86,1.0,20.0,60.0,120.0,20.0,60.0,1026.1,22.0,21.0,21.0,18.0,5.23
2025-10-14 23:00:00,5.28,1.0,20.0,60.0,120.0,18.0,72.58,1026.2,23.0,20.0,21.0,19.0,5.15
2025-10-14 23:30:00,5.23,1.0,20.0,60.0,120.0,18.0,72.58,1026.2,23.0,20.0,21.0,19.0,5.25
2025-10-15 00:00:00,5.15,1.0,20.0,60.0,120.0,16.0,77.15,1026.1,0.0,18.0,21.0,19.0,5.32
2025-10-15 00:30:00,5.25,1.0,20.0,60.0,120.0,16.0,77.15,1026.1,0.0,18.0,21.0,19.0,4.94
2025-10-15 01:00:00,5.32,1.0,20.0,60.0,120.0,15.0,82.26,1026.3,1.0,16.0,20.0,21.0,4.72
2025-10-15 01:30:00,4.94,1.0,20.0,60.0,120.0,15.0,82.26,1026.3,1.0,16.0,20.0,21.0,4.93
2025-10-15 02:00:00,4.72,1.0,20.0,60.0,120.0,16.0,77.15,1026.1,2.0,15.0,18.0,21.0,4.91
2025-10-15 02:30:00,4.93,1.0,20.0,60.0,120.0,16.0,77.15,1026.1,2.0,15.0,18.0,21.0,4.83
2025-10-15 03:00:00,4.91,1.0,20.0,60.0,120.0,15.0,76.99,1025.7,3.0,16.0,16.0,21.0,4.84
2025-10-15 03:30:00,4.83,1.0,20.0,60.0,120.0,15.0,76.99,1025.7,3.0,16.0,16.0,21.0,4.86
2025-10-15 04:00:00,4.84,1.0,20.0,60.0,120.0,16.0,72.21,1025.6,4.0,15.0,15.0,20.0,4.75
2025-10-15 04:30:00,4.86,1.0,20.0,60.0,120.0,16.0,72.21,1025.6,4.0,15.0,15.0,20.0,4.49
2025-10-15 05:00:00,4.75,1.0,20.0,60.0,120.0,16.0,77.15,1025.2,5.0,16.0,16.0,18.0,4.01
2025-10-15 05:30:00,4.49,1.0,20.0,60.0,120.0,16.0,77.15,1025.2,5.0,16.0,16.0,18.0,4.12
2025-10-15 06:00:00,4.01,0.0,10.0,50.0,110.0,15.0,87.84,1024.5,6.0,16.0,15.0,16.0,3.93
2025-10-15 06:30:00,4.12,0.0,0.0,40.0,100.0,15.0,87.84,1024.5,6.0,16.0,15.0,16.0,3.15
2025-10-15 07:00:00,3.93,0.0,0.0,30.0,90.0,15.0,87.84,1024.2,7.0,15.0,16.0,15.0,3.01
2025-10-15 07:30:00,3.15,0.0,0.0,20.0,80.0,15.0,87.84,1024.2,7.0,15.0,16.0,15.0,2.74
2025-10-15 08:00:00,3.01,0.0,0.0,10.0,70.0,15.0,87.84,1024.6,8.0,15.0,16.0,16.0,3.2
2025-10-15 08:30:00,2.74,0.0,0.0,0.0,60.0,15.0,87.84,1024.6,8.0,15.0,16.0,16.0,3.14
2025-10-15 09:00:00,3.2,0.0,0.0,0.0,50.0,14.0,93.7,1024.3,9.0,15.0,15.0,15.0,3.36
2025-10-15 09:30:00,3.14,0.0,0.0,0.0,40.0,14.0,93.7,1024.3,9.0,15.0,15.0,15.0,3.28
2025-10-15 10:00:00,3.36,0.0,0.0,0.0,30.0,14.0,93.7,1024.5,10.0,14.0,15.0,16.0,3.45
2025-10-15 10:30:00,3.28,0.0,0.0,0.0,20.0,14.0,93.7,1024.5,10.0,14.0,15.0,16.0,3.27
2025-10-15 11:00:00,3.45,0.0,0.0,0.0,10.0,14.0,93.7,1024.5,11.0,14.0,15.0,16.0,3.2
2025-10-15 11:30:00,3.27,0.0,0.0,0.0,0.0,14.0,93.7,1024.5,11.0,14.0,15.0,16.0,3.42
2025-10-15 12:00:00,3.2,0.0,0.0,0.0,0.0,14.0,100.0,1024.8,12.0,14.0,14.0,15.0,2.91
2025-10-15 12:30:00,3.42,0.0,0.0,0.0,0.0,14.0,100.0,1024.8,12.0,14.0,14.0,15.0,3.83
2025-10-15 13:00:00,2.91,0.0,0.0,0.0,0.0,14.0,100.0,1025.0,13.0,14.0,14.0,15.0,4.02
2025-10-15 13:30:00,3.83,0.0,0.0,0.0,0.0,14.0,100.0,1025.0,13.0,14.0,14.0,15.0,3.8
2025-10-15 14:00:00,4.02,0.0,0.0,0.0,0.0,14.0,100.0,1025.2,14.0,14.0,14.0,15.0,4.07
2025-10-15 14:30:00,3.8,0.0,0.0,0.0,0.0,14.0,100.0,1025.2,14.0,14.0,14.0,15.0,3.82
2025-10-15 15:00:00,4.07,0.0,0.0,0.0,0.0,15.0,93.74,1024.8,15.0,14.0,14.0,14.0,3.56
2025-10-15 15:30:00,3.82,0.0,0.0,0.0,0.0,15.0,93.74,1024.8,15.0,14.0,14.0,14.0,3.35
2025-10-15 16:00:00,3.56,0.0,0.0,0.0,0.0,15.0,93.74,1025.1,16.0,15.0,14.0,14.0,3.56
2025-10-15 16:30:00,3.35,0.0,0.0,0.0,0.0,15.0,93.74,1025.1,16.0,15.0,14.0,14.0,3.48
2025-10-15 17:00:00,3.56,0.0,0.0,0.0,0.0,15.0,87.84,1024.7,17.0,15.0,14.0,14.0,4.19
2025-10-15 17:30:00,3.48,0.0,0.0,0.0,0.0,15.0,87.84,1024.7,17.0,15.0,14.0,14.0,4.28
2025-10-15 18:00:00,4.19,0.0,0.0,0.0,0.0,15.0,82.26,1024.1,18.0,15.0,15.0,14.0,4.02
2025-10-16 01:30:00,3.26,0.0,0.0,0.0,0.0,15.0,76.99,1022.6,1.0,15.0,15.0,15.0,3.22
2025-10-16 02:00:00,3.07,0.0,0.0,0.0,0.0,15.0,76.99,1023.0,2.0,15.0,15.0,16.0,2.96
2025-10-16 02:30:00,3.22,0.0,0.0,0.0,0.0,15.0,76.99,1023.0,2.0,15.0,15.0,16.0,2.69
2025-10-16 03:00:00,2.96,0.0,0.0,0.0,0.0,15.0,72.02,1023.3,3.0,15.0,15.0,16.0,3.15
2025-10-16 03:30:00,2.69,0.0,0.0,0.0,0.0,15.0,72.02,1023.3,3.0,15.0,15.0,16.0,2.44
2025-10-16 04:00:00,3.15,0.0,0.0,0.0,0.0,15.0,72.02,1022.9,4.0,15.0,15.0,15.0,2.88
2025-10-16 04:30:00,2.44,0.0,0.0,0.0,0.0,15.0,72.02,1022.9,4.0,15.0,15.0,15.0,3.23
2025-10-16 05:00:00,2.88,0.0,0.0,0.0,0.0,15.0,76.99,1022.8,5.0,15.0,15.0,15.0,3.02
2025-10-16 05:30:00,3.23,0.0,0.0,0.0,0.0,15.0,76.99,1022.8,5.0,15.0,15.0,15.0,2.47
2025-10-16 06:00:00,3.02,0.0,0.0,0.0,0.0,14.0,82.13,1022.6,6.0,15.0,15.0,15.0,2.4
2025-10-16 06:30:00,2.47,0.0,0.0,0.0,0.0,14.0,82.13,1022.6,6.0,15.0,15.0,15.0,2.42
2025-10-16 07:00:00,2.4,0.0,0.0,0.0,0.0,14.0,82.13,1022.8,7.0,14.0,15.0,15.0,2.15
2025-10-16 07:30:00,2.42,0.0,0.0,0.0,0.0,14.0,82.13,1022.8,7.0,14.0,15.0,15.0,2.07
2025-10-16 08:00:00,2.15,0.0,0.0,0.0,0.0,14.0,82.13,1022.8,8.0,14.0,15.0,15.0,2.22
2025-10-16 08:30:00,2.07,0.0,0.0,0.0,0.0,14.0,82.13,1022.8,8.0,14.0,15.0,15.0,2.36
2025-10-16 09:00:00,2.22,0.0,0.0,0.0,0.0,14.0,82.13,1022.6,9.0,14.0,14.0,15.0,2.25
2025-10-16 09:30:00,2.36,0.0,0.0,0.0,0.0,14.0,82.13,1022.6,9.0,14.0,14.0,15.0,2.55
2025-10-16 10:00:00,2.25,0.0,0.0,0.0,0.0,14.0,82.13,1022.5,10.0,14.0,14.0,15.0,2.26
2025-10-16 10:30:00,2.55,0.0,0.0,0.0,0.0,14.0,82.13,1022.5,10.0,14.0,14.0,15.0,2.68
2025-10-16 11:00:00,2.26,0.0,0.0,0.0,0.0,14.0,93.7,1023.0,11.0,14.0,14.0,15.0,2.63
2025-10-16 11:30:00,2.68,0.0,0.0,0.0,0.0,14.0,93.7,1023.0,11.0,14.0,14.0,15.0,2.64
2025-10-16 12:00:00,2.63,0.0,0.0,0.0,0.0,14.0,82.13,1023.1,12.0,14.0,14.0,14.0,2.98
2025-10-16 12:30:00,2.64,0.0,0.0,0.0,0.0,14.0,82.13,1023.1,12.0,14.0,14.0,14.0,3.15
2025-10-16 13:00:00,2.98,0.0,0.0,0.0,0.0,14.0,76.83,1023.5,13.0,14.0,14.0,14.0,2.9
2025-10-16 13:30:00,3.15,1.0,10.0,10.0,10.0,14.0,76.83,1023.5,13.0,14.0,14.0,14.0,3.34
2025-10-16 14:00:00,2.9,1.0,20.0,20.0,20.0,15.0,76.99,1023.5,14.0,14.0,14.0,14.0,3.64
2025-10-16 14:30:00,3.34,1.0,20.0,30.0,30.0,15.0,76.99,1023.5,14.0,14.0,14.0,14.0,4.76
2025-10-16 15:00:00,3.64,1.0,20.0,40.0,40.0,16.0,67.55,1023.2,15.0,15.0,14.0,14.0,4.78
2025-10-16 15:30:00,4.76,1.0,20.0,50.0,50.0,16.0,67.55,1023.2,15.0,15.0,14.0,14.0,5.09
2025-10-16 16:00:00,4.78,1.0,20.0,60.0,60.0,18.0,59.52,1022.6,16.0,16.0,14.0,14.0,4.99
2025-10-16 16:30:00,5.09,1.0,20.0,60.0,70.0,18.0,59.52,1022.6,16.0,16.0,14.0,14.0,4.93
2025-10-16 17:00:00,4.99,1.0,20.0,60.0,80.0,18.0,59.52,1022.4,17.0,18.0,15.0,14.0,4.74
2025-10-16 17:30:00,4.93,1.0,20.0,60.0,90.0,18.0,59.52,1022.4,17.0,18.0,15.0,14.0,5.0
2025-10-16 18:00:00,4.74,1.0,20.0,60.0,100.0,20.0,56.16,1021.4,18.0,18.0,16.0,14.0,4.71
2025-10-16 18:30:00,5.0,1.0,20.0,60.0,110.0,20.0,56.16,1021.4,18.0,18.0,16.0,14.0,4.84
2025-10-16 19:00:00,4.71,1.0,20.0,60.0,120.0,21.0,52.81,1020.3,19.0,20.0,18.0,14.0,4.77
2025-10-16 19:30:00,4.84,1.0,20.0,60.0,120.0,21.0,52.81,1020.3,19.0,20.0,18.0,14.0,5.11
2025-10-16 20:00:00,4.77,1.0,20.0,60.0,120.0,21.0,52.81,1019.7,20.0,21.0,18.0,15.0,4.97
2025-10-16 20:30:00,5.11,1.0,20.0,60.0,120.0,21.0,52.81,1019.7,20.0,21.0,18.0,15.0,5.46
2025-10-16 21:00:00,4.97,1.0,20.0,60.0,120.0,21.0,52.81,1018.9,21.0,21.0,20.0,16.0,5.36
2025-10-16 21:30:00,5.46,1.0,20.0,60.0,120.0,21.0,52.81,1018.9,21.0,21.0,20.0,16.0,5.22
2025-10-16 22:00:00,5.36,1.0,20.0,60.0,120.0,21.0,52.81,1018.5,22.0,21.0,21.0,18.0,5.5
2025-10-16 22:30:00,5.22,1.0,20.0,60.0,120.0,21.0,52.81,1018.5,22.0,21.0,21.0,18.0,5.22
2025-10-16 23:00:00,5.5,1.0,20.0,60.0,120.0,20.0,56.16,1018.5,23.0,21.0,21.0,18.0,5.18
2025-10-16 23:30:00,5.22,1.0,20.0,60.0,120.0,20.0,56.16,1018.5,23.0,21.0,21.0,18.0,4.53
2025-10-17 00:00:00,5.18,1.0,20.0,60.0,120.0,18.0,59.52,1018.1,0.0,20.0,21.0,20.0,4.71
2025-10-17 00:30:00,4.53,1.0,20.0,60.0,120.0,18.0,59.52,1018.1,0.0,20.0,21.0,20.0,4.49
2025-10-17 01:00:00,4.71,1.0,20.0,60.0,120.0,16.0,67.55,1018.4,1.0,18.0,21.0,21.0,4.53
2025-10-17 01:30:00,4.49,1.0,20.0,60.0,120.0,16.0,67.55,1018.4,1.0,18.0,21.0,21.0,4.48
2025-10-20 05:30:00,4.51,1.0,20.0,60.0,120.0,7.0,70.47,1013.7,5.0,9.0,10.0,14.0,4.81
2025-10-20 06:00:00,5.08,1.0,20.0,60.0,120.0,6.0,75.49,1014.0,6.0,7.0,10.0,13.0,4.45
2025-10-20 06:30:00,4.81,1.0,20.0,60.0,120.0,6.0,75.49,1014.0,6.0,7.0,10.0,13.0,4.65
2025-10-20 07:00:00,4.45,1.0,20.0,60.0,120.0,5.0,80.92,1014.0,7.0,6.0,9.0,13.0,4.82
2025-10-20 07:30:00,4.65,1.0,20.0,60.0,120.0,5.0,80.92,1014.0,7.0,6.0,9.0,13.0,4.17
2025-10-20 08:00:00,4.82,1.0,20.0,60.0,120.0,6.0,75.49,1014.4,8.0,5.0,7.0,10.0,4.23
2025-10-20 08:30:00,4.17,1.0,20.0,60.0,120.0,6.0,75.49,1014.4,8.0,5.0,7.0,10.0,4.12
2025-10-20 09:00:00,4.23,1.0,20.0,60.0,120.0,3.0,86.69,1014.6,9.0,6.0,6.0,10.0,4.31
2025-10-20 09:30:00,4.12,1.0,20.0,60.0,120.0,3.0,86.69,1014.6,9.0,6.0,6.0,10.0,4.8
2025-10-20 10:00:00,4.31,1.0,20.0,60.0,120.0,3.0,93.13,1015.0,10.0,3.0,5.0,9.0,4.86
2025-10-20 10:30:00,4.8,1.0,20.0,60.0,120.0,3.0,93.13,1015.0,10.0,3.0,5.0,9.0,5.01
2025-10-20 11:00:00,4.86,1.0,20.0,60.0,120.0,3.0,100.0,1015.7,11.0,3.0,6.0,7.0,5.21
2025-10-20 11:30:00,5.01,1.0,20.0,60.0,120.0,3.0,100.0,1015.7,11.0,3.0,6.0,7.0,5.09
2025-10-20 12:00:00,5.21,1.0,20.0,60.0,120.0,3.0,100.0,1015.8,12.0,3.0,3.0,6.0,4.93
2025-10-20 12:30:00,5.09,1.0,20.0,60.0,120.0,3.0,100.0,1015.8,12.0,3.0,3.0,6.0,5.08
2025-10-20 13:00:00,4.93,1.0,20.0,60.0,120.0,4.0,100.0,1015.6,13.0,3.0,3.0,5.0,5.16
2025-10-20 13:30:00,5.08,1.0,20.0,60.0,120.0,4.0,100.0,1015.6,13.0,3.0,3.0,5.0,5.27
2025-10-20 14:00:00,5.16,1.0,20.0,60.0,120.0,7.0,93.35,1015.8,14.0,4.0,3.0,6.0,5.43
2025-10-20 14:30:00,5.27,1.0,20.0,60.0,120.0,7.0,93.35,1015.8,14.0,4.0,3.0,6.0,5.64
2025-10-20 15:00:00,5.43,1.0,20.0,60.0,120.0,11.0,71.26,1015.4,15.0,7.0,3.0,3.0,5.89
2025-10-20 15:30:00,5.64,1.0,20.0,60.0,120.0,11.0,71.26,1015.4,15.0,7.0,3.0,3.0,5.85
2025-10-20 16:00:00,5.89,1.0,20.0,60.0,120.0,14.0,54.6,1014.3,16.0,11.0,4.0,3.0,6.08
2025-10-20 16:30:00,5.85,1.0,20.0,60.0,120.0,14.0,54.6,1014.3,16.0,11.0,4.0,3.0,5.96
2025-10-20 17:00:00,6.08,1.0,20.0,60.0,120.0,16.0,38.85,1013.5,17.0,14.0,7.0,3.0,6.15
2025-10-20 17:30:00,5.96,0.0,10.0,50.0,110.0,16.0,38.85,1013.5,17.0,14.0,7.0,3.0,6.63
2025-10-20 18:00:00,6.15,0.0,0.0,40.0,100.0,18.0,36.75,1012.4,18.0,16.0,11.0,3.0,5.5
2025-10-20 18:30:00,6.63,0.0,0.0,30.0,90.0,18.0,36.75,1012.4,18.0,16.0,11.0,3.0,6.05
2025-10-20 19:00:00,5.5,0.0,0.0,20.0,80.0,18.0,36.75,1010.8,19.0,18.0,14.0,4.0,5.61
2025-10-20 19:30:00,6.05,0.0,0.0,10.0,70.0,18.0,36.75,1010.8,19.0,18.0,14.0,4.0,6.17
2025-10-20 20:00:00,5.61,0.0,0.0,0.0,60.0,19.0,32.15,1009.1,20.0,18.0,16.0,7.0,6.04
2025-10-20 20:30:00,6.17,0.0,0.0,0.0,50.0,19.0,32.15,1009.1,20.0,18.0,16.0,7.0,5.42
2025-10-20 21:00:00,6.04,0.0,0.0,0.0,40.0,19.0,32.15,1007.7,21.0,19.0,18.0,11.0,5.26
2025-10-20 21:30:00,5.42,0.0,0.0,0.0,30.0,19.0,32.15,1007.7,21.0,19.0,18.0,11.0,5.24
2025-10-20 22:00:00,5.26,0.0,0.0,0.0,20.0,19.0,34.52,1006.7,22.0,19.0,18.0,14.0,6.66
2025-10-20 22:30:00,5.24,0.0,0.0,0.0,10.0,19.0,34.52,1006.7,22.0,19.0,18.0,14.0,7.34
2025-10-20 23:00:00,6.66,0.0,0.0,0.0,0.0,18.0,36.75,1006.5,23.0,19.0,19.0,16.0,6.71
2025-10-20 23:30:00,7.34,0.0,0.0,0.0,0.0,18.0,36.75,1006.5,23.0,19.0,19.0,16.0,6.1
2025-10-21 00:00:00,6.71,0.0,0.0,0.0,0.0,16.0,44.76,1007.2,0.0,18.0,19.0,18.0,6.16
2025-10-21 00:30:00,6.1,0.0,0.0,0.0,0.0,16.0,44.76,1007.2,0.0,18.0,19.0,18.0,6.09
2025-10-21 01:00:00,6.16,0.0,0.0,0.0,0.0,16.0,48.01,1006.8,1.0,16.0,19.0,18.0,6.6
2025-10-21 01:30:00,6.09,0.0,0.0,0.0,0.0,16.0,48.01,1006.8,1.0,16.0,19.0,18.0,6.02
2025-10-21 02:00:00,6.6,0.0,0.0,0.0,0.0,15.0,51.18,1005.6,2.0,16.0,18.0,19.0,6.05
2025-10-21 02:30:00,6.02,0.0,0.0,0.0,0.0,15.0,51.18,1005.6,2.0,16.0,18.0,19.0,6.22
2025-10-21 03:00:00,6.05,0.0,0.0,0.0,0.0,16.0,51.46,1004.6,3.0,15.0,16.0,19.0,6.07
2025-10-21 03:30:00,6.22,0.0,0.0,0.0,0.0,16.0,51.46,1004.6,3.0,15.0,16.0,19.0,5.87
2025-10-21 04:00:00,6.07,0.0,0.0,0.0,0.0,15.0,62.93,1004.9,4.0,16.0,16.0,19.0,5.97
2025-10-21 04:30:00,5.87,0.0,0.0,0.0,0.0,15.0,62.93,1004.9,4.0,16.0,16.0,19.0,5.9
2025-10-21 05:00:00,5.97,0.0,0.0,0.0,0.0,13.0,87.65,1005.5,5.0,15.0,15.0,18.0,5.49
2025-10-21 05:30:00,5.9,0.0,0.0,0.0,0.0,13.0,87.65,1005.5,5.0,15.0,15.0,18.0,5.4
